"AGE_GROUP_ARAB","AGE_GROUP_ENGL","NATIONALITY_ARAB","NATIONALITY_ENGL","OBSVALUE_OBSV","SEX_ARAB","SEX_ENGL","YEAR_TIME"
"10-19","10-19","غير سعودي","Non Saudi","237","ذكر","Male","1441"
"20-29","20-29","غير سعودي","Non Saudi","5260","ذكر","Male","1440"
"0-9","0-9","غير سعودي","Non Saudi","14287","أنثى","Female","1440"
"40-49","40-49","سعودي"," Saudi ","1763","ذكر","Male","1439"
"20-29","20-29","سعودي"," Saudi ","659","أنثى","Female","1441"
"50-59","50-59","سعودي"," Saudi ","9717","أنثى","Female","1439"
"60-69","60-69","سعودي"," Saudi ","3979","أنثى","Female","1439"
"10-19","10-19","سعودي"," Saudi ","16308","ذكر","Male","1439"
"20-29","20-29","سعودي"," Saudi ","4845","ذكر","Male","1440"
"0-9","0-9","غير سعودي","Non Saudi","5167","ذكر","Male","1440"
"40-49","40-49","سعودي"," Saudi ","39085","ذكر","Male","1440"
"40-49","40-49","غير سعودي","Non Saudi","535","أنثى","Female","1441"
"40-49","40-49","غير سعودي","Non Saudi","4145","ذكر","Male","1440"
"50-59","50-59","غير سعودي","Non Saudi","1403","ذكر","Male","1441"
"50-59","50-59","سعودي"," Saudi ","11565","ذكر","Male","1440"
"30-39","30-39","سعودي"," Saudi ","108367","أنثى","Female","1439"
"0-9","0-9","سعودي"," Saudi ","3049","ذكر","Male","1440"
"50-59","50-59","غير سعودي","Non Saudi","2575","ذكر","Male","1440"
"0-9","0-9","سعودي"," Saudi ","1332","أنثى","Female","1439"
"40-49","40-49","سعودي"," Saudi ","18632","ذكر","Male","1439"
"20-29","20-29","غير سعودي","Non Saudi","7610","ذكر","Male","1441"
"0-9","0-9","سعودي"," Saudi ","1365","أنثى","Female","1440"
"60-69","60-69","سعودي"," Saudi ","1383","ذكر","Male","1441"
"70+","70+","سعودي"," Saudi ","1223","أنثى","Female","1439"
"10-19","10-19","غير سعودي","Non Saudi","157","أنثى","Female","1440"
"10-19","10-19","غير سعودي","Non Saudi","1021","أنثى","Female","1440"
"70+","70+","سعودي"," Saudi ","414","أنثى","Female","1440"
"20-29","20-29","غير سعودي","Non Saudi","209","ذكر","Male","1441"
"30-39","30-39","غير سعودي","Non Saudi","857","ذكر","Male","1441"
"50-59","50-59","سعودي"," Saudi ","5944","أنثى","Female","1440"
"60-69","60-69","غير سعودي","Non Saudi","2305","ذكر","Male","1441"
"30-39","30-39","غير سعودي","Non Saudi","45982","ذكر","Male","1441"
"20-29","20-29","غير سعودي","Non Saudi","1702","أنثى","Female","1439"
"0-9","0-9","سعودي"," Saudi ","927","أنثى","Female","1440"
"50-59","50-59","سعودي"," Saudi ","3515","أنثى","Female","1439"
"50-59","50-59","غير سعودي","Non Saudi","3386","أنثى","Female","1440"
"60-69","60-69","غير سعودي","Non Saudi","14526","ذكر","Male","1440"
"30-39","30-39","سعودي"," Saudi ","5486","ذكر","Male","1440"
"40-49","40-49","سعودي"," Saudi ","10742","أنثى","Female","1439"
"70+","70+","غير سعودي","Non Saudi","5680","ذكر","Male","1439"
"10-19","10-19","غير سعودي","Non Saudi","775","ذكر","Male","1440"
"40-49","40-49","سعودي"," Saudi ","7033","ذكر","Male","1440"
"50-59","50-59","غير سعودي","Non Saudi","89","أنثى","Female","1441"
"10-19","10-19","غير سعودي","Non Saudi","1043","ذكر","Male","1441"
"70+","70+","سعودي"," Saudi ","176","ذكر","Male","1440"
"40-49","40-49","سعودي"," Saudi ","122","أنثى","Female","1441"
"20-29","20-29","غير سعودي","Non Saudi","96","أنثى","Female","1439"
"20-29","20-29","سعودي"," Saudi ","10027","ذكر","Male","1440"
"20-29","20-29","سعودي"," Saudi ","9626","ذكر","Male","1439"
"20-29","20-29","غير سعودي","Non Saudi","201944","ذكر","Male","1440"
"50-59","50-59","سعودي"," Saudi ","2863","ذكر","Male","1439"
"40-49","40-49","سعودي"," Saudi ","194","أنثى","Female","1441"
"40-49","40-49","غير سعودي","Non Saudi","21244","ذكر","Male","1439"
"60-69","60-69","سعودي"," Saudi ","3433","أنثى","Female","1439"
"20-29","20-29","غير سعودي","Non Saudi","2900","أنثى","Female","1441"
"0-9","0-9","سعودي"," Saudi ","4131","ذكر","Male","1441"
"30-39","30-39","سعودي"," Saudi ","3041","أنثى","Female","1441"
"40-49","40-49","سعودي"," Saudi ","214","ذكر","Male","1441"
"50-59","50-59","سعودي"," Saudi ","619","أنثى","Female","1440"
"40-49","40-49","سعودي"," Saudi ","8752","أنثى","Female","1440"
"20-29","20-29","سعودي"," Saudi ","515","أنثى","Female","1441"
"50-59","50-59","سعودي"," Saudi ","291","ذكر","Male","1441"
"20-29","20-29","سعودي"," Saudi ","8177","ذكر","Male","1440"
"60-69","60-69","غير سعودي","Non Saudi","1158","أنثى","Female","1440"
"10-19","10-19","غير سعودي","Non Saudi","1877","أنثى","Female","1440"
"30-39","30-39","غير سعودي","Non Saudi","1758","ذكر","Male","1441"
"40-49","40-49","غير سعودي","Non Saudi","720","ذكر","Male","1441"
"30-39","30-39","سعودي"," Saudi ","403","أنثى","Female","1441"
"10-19","10-19","غير سعودي","Non Saudi","94","أنثى","Female","1441"
"40-49","40-49","غير سعودي","Non Saudi","524980","ذكر","Male","1439"
"40-49","40-49","غير سعودي","Non Saudi","1108","ذكر","Male","1440"
"60-69","60-69","سعودي"," Saudi ","6611","ذكر","Male","1440"
"10-19","10-19","سعودي"," Saudi ","51449","ذكر","Male","1440"
"50-59","50-59","غير سعودي","Non Saudi","30557","ذكر","Male","1440"
"60-69","60-69","سعودي"," Saudi ","3641","ذكر","Male","1441"
"30-39","30-39","غير سعودي","Non Saudi","4996","أنثى","Female","1439"
"70+","70+","سعودي"," Saudi ","2191","ذكر","Male","1441"
"10-19","10-19","غير سعودي","Non Saudi","6023","ذكر","Male","1441"
"20-29","20-29","غير سعودي","Non Saudi","14109","ذكر","Male","1441"
"50-59","50-59","سعودي"," Saudi ","1519","ذكر","Male","1440"
"40-49","40-49","غير سعودي","Non Saudi","1054","أنثى","Female","1441"
"10-19","10-19","غير سعودي","Non Saudi","1027","ذكر","Male","1440"
"40-49","40-49","غير سعودي","Non Saudi","1118","أنثى","Female","1441"
"40-49","40-49","غير سعودي","Non Saudi","447","أنثى","Female","1440"
"30-39","30-39","غير سعودي","Non Saudi","893","أنثى","Female","1439"
"50-59","50-59","سعودي"," Saudi ","3306","ذكر","Male","1439"
"50-59","50-59","غير سعودي","Non Saudi","1867","ذكر","Male","1439"
"10-19","10-19","غير سعودي","Non Saudi","954","أنثى","Female","1439"
"40-49","40-49","غير سعودي","Non Saudi","245","أنثى","Female","1441"
"10-19","10-19","غير سعودي","Non Saudi","466","ذكر","Male","1441"
"0-9","0-9","غير سعودي","Non Saudi","665","أنثى","Female","1439"
"30-39","30-39","سعودي"," Saudi ","24760","ذكر","Male","1439"
"30-39","30-39","غير سعودي","Non Saudi","276272","ذكر","Male","1439"
"20-29","20-29","سعودي"," Saudi ","4478","ذكر","Male","1441"
"70+","70+","سعودي"," Saudi ","2718","ذكر","Male","1440"
"30-39","30-39","سعودي"," Saudi ","4118","أنثى","Female","1439"
"30-39","30-39","سعودي"," Saudi ","406","ذكر","Male","1441"
"20-29","20-29","سعودي"," Saudi ","14432","ذكر","Male","1440"
"30-39","30-39","غير سعودي","Non Saudi","2404","أنثى","Female","1440"
"0-9","0-9","سعودي"," Saudi ","28416","ذكر","Male","1440"
"40-49","40-49","غير سعودي","Non Saudi","1978","أنثى","Female","1439"
"70+","70+","سعودي"," Saudi ","1243","ذكر","Male","1439"
"70+","70+","سعودي"," Saudi ","214","ذكر","Male","1439"
"70+","70+","غير سعودي","Non Saudi","1044","ذكر","Male","1440"
"60-69","60-69","غير سعودي","Non Saudi","210","ذكر","Male","1441"
"10-19","10-19","سعودي"," Saudi ","3874","أنثى","Female","1439"
"50-59","50-59","غير سعودي","Non Saudi","19151","ذكر","Male","1439"
"40-49","40-49","سعودي"," Saudi ","10558","ذكر","Male","1440"
"70+","70+","سعودي"," Saudi ","774","أنثى","Female","1440"
"0-9","0-9","سعودي"," Saudi ","5270","ذكر","Male","1439"
"20-29","20-29","سعودي"," Saudi ","5920","أنثى","Female","1439"
"50-59","50-59","غير سعودي","Non Saudi","876","ذكر","Male","1439"
"20-29","20-29","سعودي"," Saudi ","42982","أنثى","Female","1439"
"10-19","10-19","غير سعودي","Non Saudi","20295","ذكر","Male","1440"
"40-49","40-49","سعودي"," Saudi ","4321","ذكر","Male","1441"
"70+","70+","سعودي"," Saudi ","565","أنثى","Female","1441"
"10-19","10-19","غير سعودي","Non Saudi","12962","ذكر","Male","1441"
"50-59","50-59","سعودي"," Saudi ","19504","ذكر","Male","1439"
"20-29","20-29","غير سعودي","Non Saudi","1845","ذكر","Male","1440"
"60-69","60-69","غير سعودي","Non Saudi","925","ذكر","Male","1440"
"70+","70+","سعودي"," Saudi ","1298","أنثى","Female","1440"
"20-29","20-29","غير سعودي","Non Saudi","1726","ذكر","Male","1439"
"50-59","50-59","سعودي"," Saudi ","159","ذكر","Male","1441"
"60-69","60-69","غير سعودي","Non Saudi","1047","أنثى","Female","1440"
"10-19","10-19","غير سعودي","Non Saudi","194","أنثى","Female","1439"
"40-49","40-49","غير سعودي","Non Saudi","173193","أنثى","Female","1440"
"20-29","20-29","غير سعودي","Non Saudi","83463","أنثى","Female","1440"
"30-39","30-39","غير سعودي","Non Saudi","3060","ذكر","Male","1441"
"0-9","0-9","سعودي"," Saudi ","3699","ذكر","Male","1440"
"30-39","30-39","غير سعودي","Non Saudi","479","ذكر","Male","1441"
"40-49","40-49","غير سعودي","Non Saudi","1034","أنثى","Female","1440"
"30-39","30-39","غير سعودي","Non Saudi","5281","ذكر","Male","1439"
"40-49","40-49","غير سعودي","Non Saudi","1655","أنثى","Female","1441"
"20-29","20-29","غير سعودي","Non Saudi","34325","أنثى","Female","1440"
"20-29","20-29","سعودي"," Saudi ","3597","أنثى","Female","1439"
"50-59","50-59","سعودي"," Saudi ","238","ذكر","Male","1441"
"40-49","40-49","غير سعودي","Non Saudi","5342","ذكر","Male","1440"
"0-9","0-9","سعودي"," Saudi ","986","ذكر","Male","1439"
"60-69","60-69","غير سعودي","Non Saudi","1142","ذكر","Male","1440"
"20-29","20-29","غير سعودي","Non Saudi","222","أنثى","Female","1440"
"50-59","50-59","سعودي"," Saudi ","187","ذكر","Male","1441"
"70+","70+","سعودي"," Saudi ","1513","ذكر","Male","1439"
"50-59","50-59","غير سعودي","Non Saudi","1143","ذكر","Male","1441"
"70+","70+","سعودي"," Saudi ","1540","أنثى","Female","1439"
"50-59","50-59","سعودي"," Saudi ","759","أنثى","Female","1441"
"40-49","40-49","غير سعودي","Non Saudi","958","ذكر","Male","1441"
"40-49","40-49","غير سعودي","Non Saudi","108","أنثى","Female","1440"
"0-9","0-9","سعودي"," Saudi ","6227","أنثى","Female","1440"
"30-39","30-39","غير سعودي","Non Saudi","422","ذكر","Male","1441"
"70+","70+","سعودي"," Saudi ","422","ذكر","Male","1440"
"40-49","40-49","غير سعودي","Non Saudi","649","أنثى","Female","1439"
"10-19","10-19","غير سعودي","Non Saudi","8778","أنثى","Female","1439"
"20-29","20-29","سعودي"," Saudi ","11968","ذكر","Male","1440"
"40-49","40-49","سعودي"," Saudi ","18411","ذكر","Male","1440"
"30-39","30-39","غير سعودي","Non Saudi","50727","ذكر","Male","1440"
"0-9","0-9","سعودي"," Saudi ","5888","أنثى","Female","1440"
"20-29","20-29","غير سعودي","Non Saudi","1204","ذكر","Male","1441"
"0-9","0-9","سعودي"," Saudi ","2499","أنثى","Female","1441"
"10-19","10-19","سعودي"," Saudi ","2816","ذكر","Male","1439"
"30-39","30-39","غير سعودي","Non Saudi","10452","أنثى","Female","1440"
"20-29","20-29","سعودي"," Saudi ","15869","أنثى","Female","1441"
"40-49","40-49","غير سعودي","Non Saudi","5022","ذكر","Male","1441"
"60-69","60-69","سعودي"," Saudi ","2439","أنثى","Female","1439"
"10-19","10-19","غير سعودي","Non Saudi","348","أنثى","Female","1440"
"10-19","10-19","غير سعودي","Non Saudi","799","ذكر","Male","1440"
"10-19","10-19","غير سعودي","Non Saudi","682","أنثى","Female","1439"
"20-29","20-29","سعودي"," Saudi ","1956","أنثى","Female","1440"
"30-39","30-39","غير سعودي","Non Saudi","2426","أنثى","Female","1441"
"70+","70+","سعودي"," Saudi ","434","أنثى","Female","1440"
"20-29","20-29","سعودي"," Saudi ","620","أنثى","Female","1441"
"30-39","30-39","غير سعودي","Non Saudi","125794","ذكر","Male","1440"
"40-49","40-49","غير سعودي","Non Saudi","18242","أنثى","Female","1441"
"50-59","50-59","غير سعودي","Non Saudi","62392","ذكر","Male","1440"
"40-49","40-49","غير سعودي","Non Saudi","110414","أنثى","Female","1440"
"0-9","0-9","غير سعودي","Non Saudi","33332","ذكر","Male","1439"
"30-39","30-39","غير سعودي","Non Saudi","17984","أنثى","Female","1440"
"30-39","30-39","غير سعودي","Non Saudi","7912","ذكر","Male","1439"
"0-9","0-9","سعودي"," Saudi ","21359","أنثى","Female","1440"
"50-59","50-59","سعودي"," Saudi ","31020","ذكر","Male","1439"
"40-49","40-49","سعودي"," Saudi ","5551","ذكر","Male","1441"
"20-29","20-29","سعودي"," Saudi ","546","أنثى","Female","1441"
"30-39","30-39","سعودي"," Saudi ","2359","ذكر","Male","1439"
"10-19","10-19","غير سعودي","Non Saudi","136","أنثى","Female","1440"
"30-39","30-39","سعودي"," Saudi ","1531","أنثى","Female","1439"
"10-19","10-19","غير سعودي","Non Saudi","5612","ذكر","Male","1439"
"20-29","20-29","غير سعودي","Non Saudi","153","أنثى","Female","1441"
"60-69","60-69","سعودي"," Saudi ","330","أنثى","Female","1441"
"30-39","30-39","غير سعودي","Non Saudi","10715","أنثى","Female","1441"
"20-29","20-29","سعودي"," Saudi ","23902","ذكر","Male","1439"
"40-49","40-49","غير سعودي","Non Saudi","19399","ذكر","Male","1440"
"10-19","10-19","سعودي"," Saudi ","1937","ذكر","Male","1441"
"40-49","40-49","غير سعودي","Non Saudi","1353","ذكر","Male","1440"
"50-59","50-59","سعودي"," Saudi ","2128","أنثى","Female","1440"
"50-59","50-59","سعودي"," Saudi ","234","ذكر","Male","1441"
"50-59","50-59","سعودي"," Saudi ","862","أنثى","Female","1439"
"40-49","40-49","غير سعودي","Non Saudi","7883","ذكر","Male","1439"
"0-9","0-9","سعودي"," Saudi ","3667","ذكر","Male","1439"
"70+","70+","سعودي"," Saudi ","1121","ذكر","Male","1439"
"20-29","20-29","غير سعودي","Non Saudi","11005","أنثى","Female","1440"
"50-59","50-59","غير سعودي","Non Saudi","65074","ذكر","Male","1439"
"70+","70+","سعودي"," Saudi ","675","أنثى","Female","1440"
"40-49","40-49","غير سعودي","Non Saudi","1632","أنثى","Female","1441"
"20-29","20-29","غير سعودي","Non Saudi","15989","أنثى","Female","1439"
"30-39","30-39","سعودي"," Saudi ","3695","ذكر","Male","1441"
"60-69","60-69","سعودي"," Saudi ","3628","أنثى","Female","1439"
"30-39","30-39","سعودي"," Saudi ","19030","أنثى","Female","1440"
"20-29","20-29","سعودي"," Saudi ","2962","أنثى","Female","1441"
"30-39","30-39","غير سعودي","Non Saudi","73","أنثى","Female","1441"
"60-69","60-69","سعودي"," Saudi ","2867","أنثى","Female","1440"
"20-29","20-29","سعودي"," Saudi ","2147","ذكر","Male","1440"
"0-9","0-9","سعودي"," Saudi ","5012","أنثى","Female","1439"
"0-9","0-9","غير سعودي","Non Saudi","2813","أنثى","Female","1439"
"70+","70+","غير سعودي","Non Saudi","496","ذكر","Male","1440"
"20-29","20-29","سعودي"," Saudi ","53866","ذكر","Male","1439"
"0-9","0-9","سعودي"," Saudi ","2476","ذكر","Male","1441"
"20-29","20-29","سعودي"," Saudi ","113014","أنثى","Female","1439"
"10-19","10-19","غير سعودي","Non Saudi","4098","ذكر","Male","1439"
"60-69","60-69","غير سعودي","Non Saudi","122779","ذكر","Male","1440"
"20-29","20-29","سعودي"," Saudi ","3246","أنثى","Female","1440"
"10-19","10-19","غير سعودي","Non Saudi","1366","ذكر","Male","1439"
"0-9","0-9","سعودي"," Saudi ","2628","أنثى","Female","1439"
"0-9","0-9","غير سعودي","Non Saudi","190","أنثى","Female","1440"
"30-39","30-39","سعودي"," Saudi ","811","أنثى","Female","1441"
"70+","70+","سعودي"," Saudi ","281","أنثى","Female","1439"
"20-29","20-29","سعودي"," Saudi ","556","ذكر","Male","1441"
"10-19","10-19","سعودي"," Saudi ","241","ذكر","Male","1441"
"20-29","20-29","سعودي"," Saudi ","1031","أنثى","Female","1441"
"40-49","40-49","سعودي"," Saudi ","6457","ذكر","Male","1440"
"50-59","50-59","سعودي"," Saudi ","159","ذكر","Male","1441"
"30-39","30-39","سعودي"," Saudi ","431","ذكر","Male","1441"
"20-29","20-29","سعودي"," Saudi ","2026","أنثى","Female","1439"
"40-49","40-49","سعودي"," Saudi ","2691","ذكر","Male","1441"
"30-39","30-39","سعودي"," Saudi ","886","أنثى","Female","1439"
"70+","70+","سعودي"," Saudi ","393","أنثى","Female","1440"
"50-59","50-59","سعودي"," Saudi ","5187","ذكر","Male","1440"
"40-49","40-49","سعودي"," Saudi ","299","ذكر","Male","1441"
"10-19","10-19","سعودي"," Saudi ","34195","ذكر","Male","1440"
"0-9","0-9","غير سعودي","Non Saudi","22614","أنثى","Female","1440"
"0-9","0-9","غير سعودي","Non Saudi","4732","أنثى","Female","1439"
"10-19","10-19","غير سعودي","Non Saudi","1634","أنثى","Female","1440"
"10-19","10-19","غير سعودي","Non Saudi","417","أنثى","Female","1439"
"10-19","10-19","سعودي"," Saudi ","403","أنثى","Female","1441"
"10-19","10-19","سعودي"," Saudi ","1205","أنثى","Female","1440"
"50-59","50-59","غير سعودي","Non Saudi","2741","ذكر","Male","1439"
"50-59","50-59","سعودي"," Saudi ","303","أنثى","Female","1441"
"60-69","60-69","سعودي"," Saudi ","695","أنثى","Female","1441"
"70+","70+","سعودي"," Saudi ","229","ذكر","Male","1439"
"30-39","30-39","سعودي"," Saudi ","6294","ذكر","Male","1440"
"0-9","0-9","غير سعودي","Non Saudi","2895","أنثى","Female","1441"
"0-9","0-9","غير سعودي","Non Saudi","173","ذكر","Male","1440"
"10-19","10-19","غير سعودي","Non Saudi","16562","أنثى","Female","1440"
"0-9","0-9","سعودي"," Saudi ","17703","ذكر","Male","1439"
"40-49","40-49","سعودي"," Saudi ","19515","ذكر","Male","1439"
"30-39","30-39","سعودي"," Saudi ","22214","ذكر","Male","1439"
"20-29","20-29","سعودي"," Saudi ","121757","ذكر","Male","1439"
"60-69","60-69","سعودي"," Saudi ","5892","أنثى","Female","1440"
"30-39","30-39","غير سعودي","Non Saudi","49693","ذكر","Male","1440"
"0-9","0-9","سعودي"," Saudi ","20236","ذكر","Male","1439"
"50-59","50-59","سعودي"," Saudi ","10283","ذكر","Male","1440"
"10-19","10-19","غير سعودي","Non Saudi","1873","ذكر","Male","1441"
"0-9","0-9","سعودي"," Saudi ","4800","ذكر","Male","1441"
"10-19","10-19","غير سعودي","Non Saudi","3495","ذكر","Male","1440"
"30-39","30-39","سعودي"," Saudi ","7495","أنثى","Female","1441"
"10-19","10-19","سعودي"," Saudi ","3048","ذكر","Male","1440"
"10-19","10-19","سعودي"," Saudi ","3163","أنثى","Female","1441"
"70+","70+","سعودي"," Saudi ","284","ذكر","Male","1440"
"20-29","20-29","غير سعودي","Non Saudi","156","أنثى","Female","1441"
"70+","70+","سعودي"," Saudi ","519","أنثى","Female","1439"
"50-59","50-59","سعودي"," Saudi ","602","أنثى","Female","1441"
"50-59","50-59","سعودي"," Saudi ","83","أنثى","Female","1441"
"70+","70+","سعودي"," Saudi ","54","ذكر","Male","1439"
"40-49","40-49","غير سعودي","Non Saudi","93709","ذكر","Male","1439"
"30-39","30-39","غير سعودي","Non Saudi","74016","ذكر","Male","1439"
"30-39","30-39","غير سعودي","Non Saudi","54522","ذكر","Male","1441"
"10-19","10-19","سعودي"," Saudi ","6240","ذكر","Male","1441"
"50-59","50-59","غير سعودي","Non Saudi","1665","ذكر","Male","1441"
"50-59","50-59","سعودي"," Saudi ","21686","ذكر","Male","1440"
"10-19","10-19","سعودي"," Saudi ","11077","ذكر","Male","1439"
"0-9","0-9","سعودي"," Saudi ","5835","ذكر","Male","1440"
"20-29","20-29","غير سعودي","Non Saudi","5590","أنثى","Female","1440"
"20-29","20-29","غير سعودي","Non Saudi","335","أنثى","Female","1439"
"20-29","20-29","غير سعودي","Non Saudi","17787","ذكر","Male","1439"
"70+","70+","سعودي"," Saudi ","1112","ذكر","Male","1440"
"10-19","10-19","سعودي"," Saudi ","31308","أنثى","Female","1439"
"0-9","0-9","غير سعودي","Non Saudi","15038","ذكر","Male","1440"
"60-69","60-69","غير سعودي","Non Saudi","2102","أنثى","Female","1440"
"10-19","10-19","غير سعودي","Non Saudi","2557","أنثى","Female","1439"
"0-9","0-9","غير سعودي","Non Saudi","520","ذكر","Male","1440"
"30-39","30-39","غير سعودي","Non Saudi","1694","ذكر","Male","1441"
"0-9","0-9","سعودي"," Saudi ","586","أنثى","Female","1440"
"0-9","0-9","سعودي"," Saudi ","345","أنثى","Female","1441"
"50-59","50-59","سعودي"," Saudi ","3633","أنثى","Female","1439"
"20-29","20-29","غير سعودي","Non Saudi","4004","أنثى","Female","1440"
"0-9","0-9","سعودي"," Saudi ","1778","أنثى","Female","1441"
"20-29","20-29","غير سعودي","Non Saudi","740","ذكر","Male","1439"
"20-29","20-29","غير سعودي","Non Saudi","1022","ذكر","Male","1441"
"10-19","10-19","غير سعودي","Non Saudi","1811","ذكر","Male","1441"
"20-29","20-29","سعودي"," Saudi ","9316","ذكر","Male","1439"
"20-29","20-29","سعودي"," Saudi ","4224","أنثى","Female","1441"
"10-19","10-19","غير سعودي","Non Saudi","425","أنثى","Female","1440"
"0-9","0-9","غير سعودي","Non Saudi","1690","ذكر","Male","1440"
"40-49","40-49","سعودي"," Saudi ","3936","أنثى","Female","1439"
"60-69","60-69","سعودي"," Saudi ","2346","ذكر","Male","1439"
"50-59","50-59","سعودي"," Saudi ","611","أنثى","Female","1440"
"60-69","60-69","سعودي"," Saudi ","1107","ذكر","Male","1439"
"40-49","40-49","غير سعودي","Non Saudi","1696","أنثى","Female","1441"
"70+","70+","سعودي"," Saudi ","407","ذكر","Male","1440"
"30-39","30-39","غير سعودي","Non Saudi","316","ذكر","Male","1441"
"60-69","60-69","سعودي"," Saudi ","121","ذكر","Male","1441"
"50-59","50-59","سعودي"," Saudi ","439","أنثى","Female","1439"
"70+","70+","سعودي"," Saudi ","424","ذكر","Male","1439"
"60-69","60-69","سعودي"," Saudi ","441","ذكر","Male","1439"
"0-9","0-9","غير سعودي","Non Saudi","632","ذكر","Male","1439"
"60-69","60-69","سعودي"," Saudi ","2209","أنثى","Female","1440"
"60-69","60-69","غير سعودي","Non Saudi","47","أنثى","Female","1439"
"0-9","0-9","غير سعودي","Non Saudi","73668","أنثى","Female","1439"
"40-49","40-49","سعودي"," Saudi ","5347","أنثى","Female","1440"
"0-9","0-9","سعودي"," Saudi ","3417","ذكر","Male","1439"
"0-9","0-9","غير سعودي","Non Saudi","1916","أنثى","Female","1441"
"50-59","50-59","سعودي"," Saudi ","7913","ذكر","Male","1440"
"0-9","0-9","سعودي"," Saudi ","14548","أنثى","Female","1440"
"30-39","30-39","غير سعودي","Non Saudi","7634","أنثى","Female","1440"
"60-69","60-69","سعودي"," Saudi ","4558","أنثى","Female","1440"
"20-29","20-29","غير سعودي","Non Saudi","887","ذكر","Male","1439"
"0-9","0-9","غير سعودي","Non Saudi","5475","أنثى","Female","1441"
"50-59","50-59","سعودي"," Saudi ","592","ذكر","Male","1440"
"30-39","30-39","سعودي"," Saudi ","4923","أنثى","Female","1440"
"50-59","50-59","سعودي"," Saudi ","1636","ذكر","Male","1440"
"0-9","0-9","سعودي"," Saudi ","720","أنثى","Female","1439"
"40-49","40-49","سعودي"," Saudi ","644","أنثى","Female","1440"
"50-59","50-59","غير سعودي","Non Saudi","5660","أنثى","Female","1440"
"40-49","40-49","غير سعودي","Non Saudi","605","ذكر","Male","1441"
"70+","70+","سعودي"," Saudi ","1542","أنثى","Female","1439"
"70+","70+","غير سعودي","Non Saudi","1427","ذكر","Male","1440"
"70+","70+","سعودي"," Saudi ","227","أنثى","Female","1439"
"30-39","30-39","سعودي"," Saudi ","26115","ذكر","Male","1439"
"10-19","10-19","غير سعودي","Non Saudi","55509","ذكر","Male","1439"
"10-19","10-19","سعودي"," Saudi ","11860","أنثى","Female","1439"
"50-59","50-59","سعودي"," Saudi ","4582","أنثى","Female","1440"
"50-59","50-59","سعودي"," Saudi ","7660","ذكر","Male","1441"
"10-19","10-19","سعودي"," Saudi ","4892","ذكر","Male","1441"
"20-29","20-29","سعودي"," Saudi ","3663","أنثى","Female","1440"
"70+","70+","سعودي"," Saudi ","853","ذكر","Male","1441"
"20-29","20-29","سعودي"," Saudi ","6470","أنثى","Female","1441"
"70+","70+","سعودي"," Saudi ","6268","ذكر","Male","1439"
"50-59","50-59","سعودي"," Saudi ","5124","ذكر","Male","1441"
"30-39","30-39","غير سعودي","Non Saudi","1510","أنثى","Female","1441"
"60-69","60-69","سعودي"," Saudi ","109","ذكر","Male","1441"
"50-59","50-59","سعودي"," Saudi ","1037","ذكر","Male","1439"
"70+","70+","غير سعودي","Non Saudi","756","ذكر","Male","1440"
"20-29","20-29","غير سعودي","Non Saudi","1300","ذكر","Male","1439"
"40-49","40-49","سعودي"," Saudi ","1516","ذكر","Male","1441"
"0-9","0-9","غير سعودي","Non Saudi","22201","أنثى","Female","1439"
"60-69","60-69","غير سعودي","Non Saudi","428","ذكر","Male","1439"
"10-19","10-19","غير سعودي","Non Saudi","2399","ذكر","Male","1439"
"30-39","30-39","غير سعودي","Non Saudi","689","أنثى","Female","1439"
"70+","70+","سعودي"," Saudi ","745","ذكر","Male","1439"
"30-39","30-39","غير سعودي","Non Saudi","1240","أنثى","Female","1439"
"0-9","0-9","غير سعودي","Non Saudi","17614","أنثى","Female","1440"
"40-49","40-49","غير سعودي","Non Saudi","6424","ذكر","Male","1440"
"10-19","10-19","سعودي"," Saudi ","4152","أنثى","Female","1440"
"30-39","30-39","غير سعودي","Non Saudi","9832","ذكر","Male","1439"
"10-19","10-19","سعودي"," Saudi ","1586","ذكر","Male","1439"
"50-59","50-59","غير سعودي","Non Saudi","8365","ذكر","Male","1440"
"50-59","50-59","غير سعودي","Non Saudi","3898","ذكر","Male","1440"
"40-49","40-49","غير سعودي","Non Saudi","2620","أنثى","Female","1439"
"50-59","50-59","سعودي"," Saudi ","752","أنثى","Female","1441"
"30-39","30-39","غير سعودي","Non Saudi","662","أنثى","Female","1440"
"70+","70+","غير سعودي","Non Saudi","4843","ذكر","Male","1440"
"30-39","30-39","غير سعودي","Non Saudi","3841","أنثى","Female","1440"
"50-59","50-59","غير سعودي","Non Saudi","2204","أنثى","Female","1439"
"0-9","0-9","غير سعودي","Non Saudi","310","ذكر","Male","1439"
"0-9","0-9","غير سعودي","Non Saudi","2254","ذكر","Male","1440"
"10-19","10-19","سعودي"," Saudi ","1169","أنثى","Female","1441"
"20-29","20-29","غير سعودي","Non Saudi","117","أنثى","Female","1439"
"30-39","30-39","غير سعودي","Non Saudi","644","ذكر","Male","1441"
"40-49","40-49","سعودي"," Saudi ","185","أنثى","Female","1441"
"70+","70+","سعودي"," Saudi ","400","أنثى","Female","1439"
"60-69","60-69","سعودي"," Saudi ","10128","ذكر","Male","1439"
"20-29","20-29","غير سعودي","Non Saudi","24462","ذكر","Male","1441"
"10-19","10-19","سعودي"," Saudi ","13650","ذكر","Male","1439"
"20-29","20-29","سعودي"," Saudi ","5895","أنثى","Female","1441"
"10-19","10-19","سعودي"," Saudi ","3174","ذكر","Male","1439"
"20-29","20-29","غير سعودي","Non Saudi","4859","ذكر","Male","1440"
"70+","70+","سعودي"," Saudi ","1607","أنثى","Female","1440"
"40-49","40-49","سعودي"," Saudi ","10014","ذكر","Male","1440"
"70+","70+","سعودي"," Saudi ","3892","أنثى","Female","1440"
"50-59","50-59","سعودي"," Saudi ","407","ذكر","Male","1441"
"0-9","0-9","سعودي"," Saudi ","259","ذكر","Male","1441"
"50-59","50-59","سعودي"," Saudi ","246","ذكر","Male","1441"
"50-59","50-59","غير سعودي","Non Saudi","1613","ذكر","Male","1439"
"30-39","30-39","غير سعودي","Non Saudi","408","أنثى","Female","1441"
"0-9","0-9","غير سعودي","Non Saudi","128","أنثى","Female","1439"
"40-49","40-49","سعودي"," Saudi ","10976","أنثى","Female","1439"
"60-69","60-69","سعودي"," Saudi ","48213","ذكر","Male","1440"
"20-29","20-29","غير سعودي","Non Saudi","440","ذكر","Male","1441"
"0-9","0-9","سعودي"," Saudi ","2371","ذكر","Male","1441"
"20-29","20-29","سعودي"," Saudi ","2424","ذكر","Male","1440"
"60-69","60-69","سعودي"," Saudi ","13512","ذكر","Male","1440"
"10-19","10-19","سعودي"," Saudi ","18652","ذكر","Male","1440"
"60-69","60-69","سعودي"," Saudi ","4718","ذكر","Male","1441"
"50-59","50-59","سعودي"," Saudi ","9923","أنثى","Female","1439"
"40-49","40-49","سعودي"," Saudi ","3215","أنثى","Female","1439"
"30-39","30-39","سعودي"," Saudi ","2445","أنثى","Female","1439"
"20-29","20-29","سعودي"," Saudi ","962","ذكر","Male","1441"
"20-29","20-29","غير سعودي","Non Saudi","2198","أنثى","Female","1439"
"10-19","10-19","سعودي"," Saudi ","5722","أنثى","Female","1441"
"10-19","10-19","سعودي"," Saudi ","6947","ذكر","Male","1440"
"30-39","30-39","سعودي"," Saudi ","7729","أنثى","Female","1440"
"10-19","10-19","سعودي"," Saudi ","5279","أنثى","Female","1439"
"40-49","40-49","سعودي"," Saudi ","22300","ذكر","Male","1440"
"0-9","0-9","غير سعودي","Non Saudi","2077","ذكر","Male","1439"
"30-39","30-39","سعودي"," Saudi ","5585","أنثى","Female","1440"
"40-49","40-49","غير سعودي","Non Saudi","39611","ذكر","Male","1441"
"30-39","30-39","سعودي"," Saudi ","14189","أنثى","Female","1439"
"20-29","20-29","غير سعودي","Non Saudi","1375","أنثى","Female","1441"
"20-29","20-29","سعودي"," Saudi ","1500","أنثى","Female","1440"
"0-9","0-9","سعودي"," Saudi ","25016","أنثى","Female","1440"
"60-69","60-69","سعودي"," Saudi ","802","ذكر","Male","1439"
"50-59","50-59","سعودي"," Saudi ","110","أنثى","Female","1441"
"0-9","0-9","غير سعودي","Non Saudi","572","ذكر","Male","1440"
"0-9","0-9","غير سعودي","Non Saudi","277","ذكر","Male","1440"
"60-69","60-69","سعودي"," Saudi ","108","أنثى","Female","1439"
"40-49","40-49","غير سعودي","Non Saudi","95","أنثى","Female","1440"
"30-39","30-39","غير سعودي","Non Saudi","138913","ذكر","Male","1439"
"40-49","40-49","غير سعودي","Non Saudi","72887","ذكر","Male","1441"
"10-19","10-19","غير سعودي","Non Saudi","457","ذكر","Male","1440"
"20-29","20-29","سعودي"," Saudi ","11976","أنثى","Female","1439"
"10-19","10-19","غير سعودي","Non Saudi","9324","ذكر","Male","1439"
"10-19","10-19","سعودي"," Saudi ","4990","ذكر","Male","1439"
"50-59","50-59","غير سعودي","Non Saudi","8999","ذكر","Male","1440"
"50-59","50-59","غير سعودي","Non Saudi","41994","ذكر","Male","1441"
"30-39","30-39","غير سعودي","Non Saudi","1156","أنثى","Female","1439"
"70+","70+","سعودي"," Saudi ","1634","أنثى","Female","1441"
"50-59","50-59","سعودي"," Saudi ","2609","ذكر","Male","1439"
"70+","70+","سعودي"," Saudi ","5594","ذكر","Male","1440"
"20-29","20-29","غير سعودي","Non Saudi","762","أنثى","Female","1439"
"0-9","0-9","غير سعودي","Non Saudi","3631","أنثى","Female","1441"
"40-49","40-49","سعودي"," Saudi ","1351","أنثى","Female","1439"
"40-49","40-49","سعودي"," Saudi ","2336","أنثى","Female","1439"
"0-9","0-9","غير سعودي","Non Saudi","78","أنثى","Female","1441"
"50-59","50-59","سعودي"," Saudi ","11544","أنثى","Female","1440"
"30-39","30-39","سعودي"," Saudi ","24368","ذكر","Male","1439"
"50-59","50-59","سعودي"," Saudi ","10352","أنثى","Female","1440"
"60-69","60-69","غير سعودي","Non Saudi","26219","ذكر","Male","1441"
"20-29","20-29","سعودي"," Saudi ","2420","أنثى","Female","1440"
"40-49","40-49","سعودي"," Saudi ","12871","أنثى","Female","1440"
"20-29","20-29","سعودي"," Saudi ","420","ذكر","Male","1441"
"50-59","50-59","غير سعودي","Non Saudi","299","ذكر","Male","1440"
"70+","70+","سعودي"," Saudi ","658","أنثى","Female","1439"
"30-39","30-39","سعودي"," Saudi ","747","ذكر","Male","1440"
"30-39","30-39","سعودي"," Saudi ","160","أنثى","Female","1441"
"20-29","20-29","غير سعودي","Non Saudi","198","أنثى","Female","1440"
"10-19","10-19","سعودي"," Saudi ","32093","أنثى","Female","1440"
"40-49","40-49","سعودي"," Saudi ","9043","أنثى","Female","1441"
"40-49","40-49","غير سعودي","Non Saudi","33269","ذكر","Male","1439"
"30-39","30-39","غير سعودي","Non Saudi","67373","ذكر","Male","1440"
"50-59","50-59","سعودي"," Saudi ","4149","أنثى","Female","1439"
"70+","70+","سعودي"," Saudi ","349","ذكر","Male","1440"
"30-39","30-39","غير سعودي","Non Saudi","7396","ذكر","Male","1440"
"20-29","20-29","غير سعودي","Non Saudi","5945","ذكر","Male","1440"
"50-59","50-59","سعودي"," Saudi ","10107","أنثى","Female","1440"
"20-29","20-29","غير سعودي","Non Saudi","2173","ذكر","Male","1439"
"0-9","0-9","سعودي"," Saudi ","3219","ذكر","Male","1439"
"70+","70+","سعودي"," Saudi ","261","أنثى","Female","1441"
"20-29","20-29","سعودي"," Saudi ","645","أنثى","Female","1441"
"30-39","30-39","سعودي"," Saudi ","1227","ذكر","Male","1441"
"70+","70+","سعودي"," Saudi ","568","أنثى","Female","1439"
"50-59","50-59","سعودي"," Saudi ","175","ذكر","Male","1441"
"20-29","20-29","غير سعودي","Non Saudi","731","أنثى","Female","1440"
"20-29","20-29","غير سعودي","Non Saudi","1346","ذكر","Male","1441"
"20-29","20-29","سعودي"," Saudi ","19789","ذكر","Male","1439"
"40-49","40-49","سعودي"," Saudi ","45134","ذكر","Male","1439"
"40-49","40-49","غير سعودي","Non Saudi","1451","أنثى","Female","1440"
"40-49","40-49","غير سعودي","Non Saudi","11758","أنثى","Female","1439"
"50-59","50-59","غير سعودي","Non Saudi","5089","أنثى","Female","1439"
"10-19","10-19","غير سعودي","Non Saudi","161","أنثى","Female","1439"
"50-59","50-59","سعودي"," Saudi ","25759","أنثى","Female","1440"
"0-9","0-9","سعودي"," Saudi ","7497","ذكر","Male","1439"
"0-9","0-9","سعودي"," Saudi ","23868","ذكر","Male","1440"
"0-9","0-9","سعودي"," Saudi ","1636","ذكر","Male","1440"
"40-49","40-49","غير سعودي","Non Saudi","1705","ذكر","Male","1440"
"30-39","30-39","سعودي"," Saudi ","1395","ذكر","Male","1440"
"30-39","30-39","سعودي"," Saudi ","2283","ذكر","Male","1439"
"60-69","60-69","غير سعودي","Non Saudi","379","أنثى","Female","1440"
"30-39","30-39","غير سعودي","Non Saudi","1435","أنثى","Female","1439"
"30-39","30-39","سعودي"," Saudi ","1126","أنثى","Female","1439"
"60-69","60-69","سعودي"," Saudi ","89","ذكر","Male","1441"
"40-49","40-49","غير سعودي","Non Saudi","11026","أنثى","Female","1440"
"10-19","10-19","سعودي"," Saudi ","10223","أنثى","Female","1439"
"30-39","30-39","غير سعودي","Non Saudi","22102","أنثى","Female","1441"
"0-9","0-9","غير سعودي","Non Saudi","15322","ذكر","Male","1440"
"20-29","20-29","غير سعودي","Non Saudi","5529","ذكر","Male","1441"
"50-59","50-59","غير سعودي","Non Saudi","11201","ذكر","Male","1441"
"0-9","0-9","سعودي"," Saudi ","36647","أنثى","Female","1440"
"40-49","40-49","سعودي"," Saudi ","104872","أنثى","Female","1440"
"0-9","0-9","سعودي"," Saudi ","3951","أنثى","Female","1439"
"20-29","20-29","سعودي"," Saudi ","1633","أنثى","Female","1441"
"10-19","10-19","سعودي"," Saudi ","142","ذكر","Male","1441"
"40-49","40-49","غير سعودي","Non Saudi","5933","ذكر","Male","1439"
"30-39","30-39","سعودي"," Saudi ","1666","ذكر","Male","1441"
"20-29","20-29","سعودي"," Saudi ","64742","ذكر","Male","1439"
"20-29","20-29","سعودي"," Saudi ","8039","ذكر","Male","1439"
"30-39","30-39","سعودي"," Saudi ","9421","ذكر","Male","1440"
"60-69","60-69","سعودي"," Saudi ","22241","ذكر","Male","1439"
"60-69","60-69","سعودي"," Saudi ","3685","ذكر","Male","1439"
"20-29","20-29","سعودي"," Saudi ","5862","ذكر","Male","1439"
"30-39","30-39","سعودي"," Saudi ","1037","أنثى","Female","1441"
"0-9","0-9","غير سعودي","Non Saudi","1493","أنثى","Female","1440"
"70+","70+","سعودي"," Saudi ","109","أنثى","Female","1439"
"50-59","50-59","سعودي"," Saudi ","2192","ذكر","Male","1440"
"0-9","0-9","سعودي"," Saudi ","794","ذكر","Male","1439"
"50-59","50-59","غير سعودي","Non Saudi","306","أنثى","Female","1439"
"40-49","40-49","سعودي"," Saudi ","221","أنثى","Female","1441"
"70+","70+","غير سعودي","Non Saudi","418","ذكر","Male","1439"
"50-59","50-59","غير سعودي","Non Saudi","7740","أنثى","Female","1441"
"0-9","0-9","غير سعودي","Non Saudi","11293","ذكر","Male","1441"
"70+","70+","سعودي"," Saudi ","4662","أنثى","Female","1440"
"30-39","30-39","غير سعودي","Non Saudi","6908","أنثى","Female","1441"
"0-9","0-9","سعودي"," Saudi ","4085","أنثى","Female","1441"
"40-49","40-49","سعودي"," Saudi ","22189","ذكر","Male","1440"
"0-9","0-9","سعودي"," Saudi ","8906","أنثى","Female","1439"
"20-29","20-29","سعودي"," Saudi ","12020","أنثى","Female","1440"
"0-9","0-9","غير سعودي","Non Saudi","2934","أنثى","Female","1440"
"30-39","30-39","سعودي"," Saudi ","3136","ذكر","Male","1441"
"70+","70+","سعودي"," Saudi ","3854","ذكر","Male","1439"
"20-29","20-29","غير سعودي","Non Saudi","189","أنثى","Female","1439"
"60-69","60-69","سعودي"," Saudi ","939","أنثى","Female","1441"
"70+","70+","سعودي"," Saudi ","261","أنثى","Female","1441"
"0-9","0-9","سعودي"," Saudi ","408","ذكر","Male","1441"
"70+","70+","غير سعودي","Non Saudi","599","ذكر","Male","1439"
"30-39","30-39","سعودي"," Saudi ","28775","ذكر","Male","1440"
"40-49","40-49","غير سعودي","Non Saudi","415865","ذكر","Male","1439"
"30-39","30-39","غير سعودي","Non Saudi","16275","ذكر","Male","1439"
"20-29","20-29","غير سعودي","Non Saudi","14785","ذكر","Male","1440"
"70+","70+","سعودي"," Saudi ","5274","ذكر","Male","1440"
"0-9","0-9","غير سعودي","Non Saudi","2674","أنثى","Female","1440"
"0-9","0-9","سعودي"," Saudi ","4830","ذكر","Male","1440"
"60-69","60-69","غير سعودي","Non Saudi","3664","ذكر","Male","1441"
"40-49","40-49","سعودي"," Saudi ","5831","ذكر","Male","1439"
"50-59","50-59","سعودي"," Saudi ","608","أنثى","Female","1439"
"10-19","10-19","غير سعودي","Non Saudi","650","ذكر","Male","1440"
"50-59","50-59","غير سعودي","Non Saudi","657","ذكر","Male","1440"
"30-39","30-39","سعودي"," Saudi ","2215","ذكر","Male","1440"
"70+","70+","سعودي"," Saudi ","174","ذكر","Male","1440"
"50-59","50-59","غير سعودي","Non Saudi","817","ذكر","Male","1441"
"20-29","20-29","غير سعودي","Non Saudi","1211","أنثى","Female","1440"
"40-49","40-49","سعودي"," Saudi ","2032","ذكر","Male","1441"
"10-19","10-19","سعودي"," Saudi ","211","ذكر","Male","1440"
"50-59","50-59","غير سعودي","Non Saudi","169","ذكر","Male","1441"
"50-59","50-59","سعودي"," Saudi ","479","ذكر","Male","1441"
"60-69","60-69","سعودي"," Saudi ","469","ذكر","Male","1441"
"60-69","60-69","سعودي"," Saudi ","71","ذكر","Male","1441"
"60-69","60-69","سعودي"," Saudi ","484","أنثى","Female","1440"
"10-19","10-19","غير سعودي","Non Saudi","54788","أنثى","Female","1439"
"10-19","10-19","سعودي"," Saudi ","3143","ذكر","Male","1440"
"70+","70+","سعودي"," Saudi ","3431","ذكر","Male","1439"
"10-19","10-19","غير سعودي","Non Saudi","168","أنثى","Female","1441"
"30-39","30-39","غير سعودي","Non Saudi","2893","ذكر","Male","1440"
"60-69","60-69","سعودي"," Saudi ","3796","ذكر","Male","1440"
"10-19","10-19","غير سعودي","Non Saudi","9240","أنثى","Female","1439"
"30-39","30-39","سعودي"," Saudi ","4706","ذكر","Male","1441"
"30-39","30-39","سعودي"," Saudi ","607","ذكر","Male","1441"
"10-19","10-19","غير سعودي","Non Saudi","1012","ذكر","Male","1439"
"40-49","40-49","سعودي"," Saudi ","887","أنثى","Female","1440"
"0-9","0-9","غير سعودي","Non Saudi","1674","ذكر","Male","1439"
"30-39","30-39","غير سعودي","Non Saudi","227","أنثى","Female","1440"
"50-59","50-59","غير سعودي","Non Saudi","777","ذكر","Male","1441"
"30-39","30-39","سعودي"," Saudi ","531","أنثى","Female","1441"
"30-39","30-39","سعودي"," Saudi ","14417","ذكر","Male","1440"
"40-49","40-49","سعودي"," Saudi ","9926","ذكر","Male","1439"
"30-39","30-39","غير سعودي","Non Saudi","182182","أنثى","Female","1439"
"30-39","30-39","غير سعودي","Non Saudi","4932","ذكر","Male","1439"
"0-9","0-9","غير سعودي","Non Saudi","9766","أنثى","Female","1440"
"20-29","20-29","سعودي"," Saudi ","11871","أنثى","Female","1440"
"30-39","30-39","غير سعودي","Non Saudi","24276","ذكر","Male","1439"
"40-49","40-49","غير سعودي","Non Saudi","6268","أنثى","Female","1441"
"50-59","50-59","سعودي"," Saudi ","3490","ذكر","Male","1439"
"30-39","30-39","سعودي"," Saudi ","8469","ذكر","Male","1440"
"50-59","50-59","سعودي"," Saudi ","3204","أنثى","Female","1441"
"10-19","10-19","سعودي"," Saudi ","1916","أنثى","Female","1441"
"60-69","60-69","سعودي"," Saudi ","159","أنثى","Female","1441"
"40-49","40-49","غير سعودي","Non Saudi","5922","ذكر","Male","1440"
"60-69","60-69","سعودي"," Saudi ","85","أنثى","Female","1440"
"20-29","20-29","غير سعودي","Non Saudi","722","أنثى","Female","1440"
"10-19","10-19","سعودي"," Saudi ","3036","أنثى","Female","1440"
"30-39","30-39","غير سعودي","Non Saudi","1955","أنثى","Female","1439"
"0-9","0-9","سعودي"," Saudi ","14370","أنثى","Female","1439"
"30-39","30-39","غير سعودي","Non Saudi","73148","ذكر","Male","1440"
"40-49","40-49","سعودي"," Saudi ","3949","أنثى","Female","1441"
"10-19","10-19","غير سعودي","Non Saudi","13212","أنثى","Female","1439"
"0-9","0-9","غير سعودي","Non Saudi","10871","أنثى","Female","1439"
"30-39","30-39","سعودي"," Saudi ","16910","أنثى","Female","1439"
"50-59","50-59","غير سعودي","Non Saudi","346","أنثى","Female","1439"
"0-9","0-9","سعودي"," Saudi ","3819","ذكر","Male","1440"
"60-69","60-69","سعودي"," Saudi ","3641","أنثى","Female","1439"
"60-69","60-69","سعودي"," Saudi ","909","ذكر","Male","1441"
"60-69","60-69","سعودي"," Saudi ","814","أنثى","Female","1441"
"10-19","10-19","سعودي"," Saudi ","118","أنثى","Female","1441"
"30-39","30-39","غير سعودي","Non Saudi","119376","أنثى","Female","1439"
"30-39","30-39","سعودي"," Saudi ","127525","ذكر","Male","1439"
"30-39","30-39","سعودي"," Saudi ","124137","أنثى","Female","1439"
"60-69","60-69","سعودي"," Saudi ","10281","ذكر","Male","1440"
"60-69","60-69","سعودي"," Saudi ","3796","أنثى","Female","1440"
"20-29","20-29","غير سعودي","Non Saudi","30275","أنثى","Female","1439"
"30-39","30-39","سعودي"," Saudi ","20132","أنثى","Female","1439"
"30-39","30-39","غير سعودي","Non Saudi","39949","ذكر","Male","1439"
"30-39","30-39","سعودي"," Saudi ","2096","ذكر","Male","1440"
"10-19","10-19","سعودي"," Saudi ","1015","أنثى","Female","1440"
"10-19","10-19","سعودي"," Saudi ","1022","أنثى","Female","1440"
"20-29","20-29","سعودي"," Saudi ","75","ذكر","Male","1441"
"10-19","10-19","سعودي"," Saudi ","1358","ذكر","Male","1441"
"20-29","20-29","سعودي"," Saudi ","9475","أنثى","Female","1439"
"20-29","20-29","سعودي"," Saudi ","17700","أنثى","Female","1439"
"0-9","0-9","سعودي"," Saudi ","1369","ذكر","Male","1439"
"30-39","30-39","سعودي"," Saudi ","23881","ذكر","Male","1439"
"20-29","20-29","غير سعودي","Non Saudi","12537","ذكر","Male","1439"
"0-9","0-9","غير سعودي","Non Saudi","69412","أنثى","Female","1440"
"20-29","20-29","غير سعودي","Non Saudi","13388","ذكر","Male","1439"
"30-39","30-39","سعودي"," Saudi ","4260","أنثى","Female","1440"
"0-9","0-9","غير سعودي","Non Saudi","33496","ذكر","Male","1440"
"40-49","40-49","سعودي"," Saudi ","32966","أنثى","Female","1439"
"40-49","40-49","سعودي"," Saudi ","10600","ذكر","Male","1441"
"10-19","10-19","سعودي"," Saudi ","12210","ذكر","Male","1439"
"40-49","40-49","سعودي"," Saudi ","15559","ذكر","Male","1440"
"40-49","40-49","سعودي"," Saudi ","5800","ذكر","Male","1441"
"0-9","0-9","غير سعودي","Non Saudi","345","ذكر","Male","1440"
"70+","70+","سعودي"," Saudi ","290","ذكر","Male","1440"
"0-9","0-9","سعودي"," Saudi ","12120","أنثى","Female","1439"
"70+","70+","غير سعودي","Non Saudi","396","أنثى","Female","1440"
"40-49","40-49","سعودي"," Saudi ","1092","أنثى","Female","1439"
"20-29","20-29","غير سعودي","Non Saudi","84102","ذكر","Male","1440"
"40-49","40-49","غير سعودي","Non Saudi","2155","ذكر","Male","1439"
"30-39","30-39","سعودي"," Saudi ","8113","أنثى","Female","1439"
"10-19","10-19","غير سعودي","Non Saudi","69907","ذكر","Male","1440"
"20-29","20-29","سعودي"," Saudi ","46938","ذكر","Male","1440"
"60-69","60-69","سعودي"," Saudi ","16104","ذكر","Male","1439"
"10-19","10-19","سعودي"," Saudi ","1470","أنثى","Female","1439"
"30-39","30-39","غير سعودي","Non Saudi","2442","ذكر","Male","1439"
"20-29","20-29","سعودي"," Saudi ","2081","ذكر","Male","1439"
"40-49","40-49","سعودي"," Saudi ","3706","ذكر","Male","1439"
"50-59","50-59","سعودي"," Saudi ","2765","أنثى","Female","1441"
"30-39","30-39","سعودي"," Saudi ","3950","أنثى","Female","1439"
"70+","70+","غير سعودي","Non Saudi","259","ذكر","Male","1441"
"30-39","30-39","سعودي"," Saudi ","233","أنثى","Female","1441"
"30-39","30-39","غير سعودي","Non Saudi","255","أنثى","Female","1441"
"60-69","60-69","غير سعودي","Non Saudi","23","أنثى","Female","1440"
"0-9","0-9","غير سعودي","Non Saudi","81","أنثى","Female","1440"
"20-29","20-29","سعودي"," Saudi ","134684","ذكر","Male","1439"
"30-39","30-39","غير سعودي","Non Saudi","121193","أنثى","Female","1440"
"20-29","20-29","سعودي"," Saudi ","4969","أنثى","Female","1439"
"40-49","40-49","غير سعودي","Non Saudi","1798","ذكر","Male","1440"
"30-39","30-39","سعودي"," Saudi ","38686","أنثى","Female","1439"
"0-9","0-9","سعودي"," Saudi ","3486","أنثى","Female","1440"
"30-39","30-39","سعودي"," Saudi ","1815","ذكر","Male","1441"
"50-59","50-59","سعودي"," Saudi ","6713","ذكر","Male","1441"
"70+","70+","سعودي"," Saudi ","722","أنثى","Female","1441"
"20-29","20-29","غير سعودي","Non Saudi","5004","أنثى","Female","1439"
"10-19","10-19","غير سعودي","Non Saudi","247","أنثى","Female","1441"
"70+","70+","سعودي"," Saudi ","1480","أنثى","Female","1439"
"70+","70+","سعودي"," Saudi ","78","ذكر","Male","1439"
"50-59","50-59","غير سعودي","Non Saudi","1506","ذكر","Male","1440"
"50-59","50-59","غير سعودي","Non Saudi","270867","ذكر","Male","1440"
"20-29","20-29","سعودي"," Saudi ","5895","ذكر","Male","1439"
"50-59","50-59","سعودي"," Saudi ","65265","أنثى","Female","1439"
"40-49","40-49","غير سعودي","Non Saudi","16948","أنثى","Female","1440"
"10-19","10-19","غير سعودي","Non Saudi","6205","ذكر","Male","1441"
"30-39","30-39","غير سعودي","Non Saudi","2183","ذكر","Male","1441"
"50-59","50-59","غير سعودي","Non Saudi","10074","أنثى","Female","1440"
"50-59","50-59","غير سعودي","Non Saudi","1612","ذكر","Male","1439"
"20-29","20-29","سعودي"," Saudi ","1343","أنثى","Female","1439"
"0-9","0-9","سعودي"," Saudi ","3457","أنثى","Female","1439"
"40-49","40-49","غير سعودي","Non Saudi","2987","ذكر","Male","1439"
"40-49","40-49","غير سعودي","Non Saudi","1990","ذكر","Male","1440"
"20-29","20-29","سعودي"," Saudi ","1394","ذكر","Male","1440"
"70+","70+","سعودي"," Saudi ","1966","أنثى","Female","1440"
"50-59","50-59","سعودي"," Saudi ","428","أنثى","Female","1441"
"30-39","30-39","سعودي"," Saudi ","50082","ذكر","Male","1440"
"70+","70+","سعودي"," Saudi ","818","أنثى","Female","1440"
"20-29","20-29","غير سعودي","Non Saudi","14814","أنثى","Female","1439"
"70+","70+","غير سعودي","Non Saudi","1356","ذكر","Male","1440"
"50-59","50-59","سعودي"," Saudi ","84991","ذكر","Male","1440"
"70+","70+","سعودي"," Saudi ","455","أنثى","Female","1440"
"10-19","10-19","سعودي"," Saudi ","761","أنثى","Female","1441"
"10-19","10-19","سعودي"," Saudi ","624","ذكر","Male","1440"
"40-49","40-49","سعودي"," Saudi ","551","أنثى","Female","1440"
"70+","70+","سعودي"," Saudi ","275","أنثى","Female","1441"
"70+","70+","سعودي"," Saudi ","220","ذكر","Male","1441"
"70+","70+","سعودي"," Saudi ","1453","أنثى","Female","1441"
"40-49","40-49","سعودي"," Saudi ","24221","ذكر","Male","1439"
"20-29","20-29","غير سعودي","Non Saudi","71680","ذكر","Male","1439"
"50-59","50-59","سعودي"," Saudi ","4299","أنثى","Female","1440"
"10-19","10-19","سعودي"," Saudi ","2662","أنثى","Female","1440"
"60-69","60-69","غير سعودي","Non Saudi","916","ذكر","Male","1441"
"30-39","30-39","غير سعودي","Non Saudi","12056","أنثى","Female","1441"
"10-19","10-19","سعودي"," Saudi ","712","أنثى","Female","1439"
"40-49","40-49","سعودي"," Saudi ","9359","أنثى","Female","1440"
"20-29","20-29","سعودي"," Saudi ","3242","أنثى","Female","1441"
"40-49","40-49","سعودي"," Saudi ","4738","أنثى","Female","1441"
"30-39","30-39","سعودي"," Saudi ","1542","ذكر","Male","1440"
"50-59","50-59","سعودي"," Saudi ","2048","أنثى","Female","1439"
"0-9","0-9","سعودي"," Saudi ","1244","أنثى","Female","1441"
"10-19","10-19","سعودي"," Saudi ","4232","ذكر","Male","1439"
"30-39","30-39","سعودي"," Saudi ","1776","ذكر","Male","1440"
"30-39","30-39","سعودي"," Saudi ","739","أنثى","Female","1440"
"20-29","20-29","سعودي"," Saudi ","2715","ذكر","Male","1439"
"70+","70+","سعودي"," Saudi ","557","ذكر","Male","1441"
"40-49","40-49","غير سعودي","Non Saudi","1400","أنثى","Female","1440"
"0-9","0-9","سعودي"," Saudi ","528","ذكر","Male","1441"
"30-39","30-39","غير سعودي","Non Saudi","1518","أنثى","Female","1439"
"10-19","10-19","غير سعودي","Non Saudi","416","ذكر","Male","1439"
"60-69","60-69","سعودي"," Saudi ","563","أنثى","Female","1439"
"10-19","10-19","غير سعودي","Non Saudi","141","أنثى","Female","1441"
"50-59","50-59","غير سعودي","Non Saudi","224","أنثى","Female","1439"
"60-69","60-69","سعودي"," Saudi ","715","أنثى","Female","1439"
"50-59","50-59","سعودي"," Saudi ","15564","أنثى","Female","1440"
"10-19","10-19","سعودي"," Saudi ","29923","أنثى","Female","1440"
"70+","70+","غير سعودي","Non Saudi","330","أنثى","Female","1439"
"70+","70+","غير سعودي","Non Saudi","2412","ذكر","Male","1439"
"70+","70+","غير سعودي","Non Saudi","14761","ذكر","Male","1439"
"70+","70+","سعودي"," Saudi ","2461","أنثى","Female","1440"
"10-19","10-19","غير سعودي","Non Saudi","328","أنثى","Female","1440"
"50-59","50-59","سعودي"," Saudi ","22080","ذكر","Male","1439"
"70+","70+","غير سعودي","Non Saudi","3535","ذكر","Male","1439"
"70+","70+","غير سعودي","Non Saudi","368","ذكر","Male","1439"
"40-49","40-49","غير سعودي","Non Saudi","5538","ذكر","Male","1439"
"40-49","40-49","غير سعودي","Non Saudi","7493","ذكر","Male","1439"
"60-69","60-69","سعودي"," Saudi ","3693","أنثى","Female","1441"
"50-59","50-59","غير سعودي","Non Saudi","839","ذكر","Male","1441"
"10-19","10-19","غير سعودي","Non Saudi","190","أنثى","Female","1440"
"30-39","30-39","غير سعودي","Non Saudi","145","أنثى","Female","1441"
"70+","70+","سعودي"," Saudi ","506","أنثى","Female","1439"
"50-59","50-59","سعودي"," Saudi ","7823","ذكر","Male","1439"
"0-9","0-9","سعودي"," Saudi ","27743","ذكر","Male","1439"
"10-19","10-19","غير سعودي","Non Saudi","2888","ذكر","Male","1441"
"40-49","40-49","سعودي"," Saudi ","11317","أنثى","Female","1440"
"10-19","10-19","سعودي"," Saudi ","61635","أنثى","Female","1439"
"60-69","60-69","سعودي"," Saudi ","4263","ذكر","Male","1440"
"40-49","40-49","سعودي"," Saudi ","12814","ذكر","Male","1441"
"30-39","30-39","غير سعودي","Non Saudi","7208","ذكر","Male","1439"
"0-9","0-9","سعودي"," Saudi ","3150","أنثى","Female","1439"
"0-9","0-9","سعودي"," Saudi ","26235","أنثى","Female","1440"
"50-59","50-59","سعودي"," Saudi ","1564","ذكر","Male","1440"
"0-9","0-9","غير سعودي","Non Saudi","154","أنثى","Female","1439"
"30-39","30-39","غير سعودي","Non Saudi","293","أنثى","Female","1440"
"30-39","30-39","سعودي"," Saudi ","561","أنثى","Female","1441"
"40-49","40-49","سعودي"," Saudi ","3908","ذكر","Male","1441"
"70+","70+","سعودي"," Saudi ","216","ذكر","Male","1440"
"10-19","10-19","غير سعودي","Non Saudi","146","ذكر","Male","1441"
"10-19","10-19","غير سعودي","Non Saudi","262","ذكر","Male","1440"
"30-39","30-39","غير سعودي","Non Saudi","5447","ذكر","Male","1441"
"0-9","0-9","سعودي"," Saudi ","261","أنثى","Female","1440"
"20-29","20-29","غير سعودي","Non Saudi","331","أنثى","Female","1439"
"40-49","40-49","غير سعودي","Non Saudi","1545","أنثى","Female","1440"
"0-9","0-9","سعودي"," Saudi ","266","أنثى","Female","1441"
"50-59","50-59","غير سعودي","Non Saudi","562","أنثى","Female","1440"
"30-39","30-39","غير سعودي","Non Saudi","257963","ذكر","Male","1440"
"0-9","0-9","سعودي"," Saudi ","1476","ذكر","Male","1441"
"10-19","10-19","سعودي"," Saudi ","10346","أنثى","Female","1440"
"50-59","50-59","غير سعودي","Non Saudi","10185","ذكر","Male","1439"
"30-39","30-39","سعودي"," Saudi ","6908","أنثى","Female","1439"
"60-69","60-69","غير سعودي","Non Saudi","2945","ذكر","Male","1441"
"0-9","0-9","غير سعودي","Non Saudi","1153","أنثى","Female","1439"
"20-29","20-29","غير سعودي","Non Saudi","316","أنثى","Female","1439"
"0-9","0-9","سعودي"," Saudi ","45082","ذكر","Male","1440"
"40-49","40-49","غير سعودي","Non Saudi","3465","ذكر","Male","1439"
"40-49","40-49","غير سعودي","Non Saudi","4702","ذكر","Male","1441"
"10-19","10-19","سعودي"," Saudi ","258","ذكر","Male","1440"
"0-9","0-9","سعودي"," Saudi ","950","ذكر","Male","1439"
"10-19","10-19","غير سعودي","Non Saudi","61","ذكر","Male","1441"
"10-19","10-19","سعودي"," Saudi ","19379","ذكر","Male","1440"
"30-39","30-39","سعودي"," Saudi ","16767","أنثى","Female","1439"
"40-49","40-49","غير سعودي","Non Saudi","39202","أنثى","Female","1440"
"70+","70+","سعودي"," Saudi ","4539","ذكر","Male","1440"
"10-19","10-19","غير سعودي","Non Saudi","8744","ذكر","Male","1440"
"40-49","40-49","سعودي"," Saudi ","12631","أنثى","Female","1439"
"50-59","50-59","سعودي"," Saudi ","48302","أنثى","Female","1439"
"30-39","30-39","سعودي"," Saudi ","8778","ذكر","Male","1439"
"40-49","40-49","غير سعودي","Non Saudi","960","أنثى","Female","1440"
"20-29","20-29","غير سعودي","Non Saudi","97","أنثى","Female","1441"
"10-19","10-19","سعودي"," Saudi ","2214","ذكر","Male","1440"
"70+","70+","سعودي"," Saudi ","562","أنثى","Female","1441"
"50-59","50-59","غير سعودي","Non Saudi","494","أنثى","Female","1440"
"30-39","30-39","سعودي"," Saudi ","473","ذكر","Male","1441"
"60-69","60-69","سعودي"," Saudi ","369","أنثى","Female","1441"
"40-49","40-49","غير سعودي","Non Saudi","17990","أنثى","Female","1441"
"0-9","0-9","غير سعودي","Non Saudi","5326","ذكر","Male","1439"
"0-9","0-9","سعودي"," Saudi ","3697","أنثى","Female","1439"
"40-49","40-49","غير سعودي","Non Saudi","200256","أنثى","Female","1439"
"60-69","60-69","سعودي"," Saudi ","7426","ذكر","Male","1439"
"10-19","10-19","سعودي"," Saudi ","16113","أنثى","Female","1440"
"70+","70+","سعودي"," Saudi ","276","ذكر","Male","1441"
"0-9","0-9","غير سعودي","Non Saudi","2826","ذكر","Male","1441"
"50-59","50-59","غير سعودي","Non Saudi","1007","ذكر","Male","1441"
"50-59","50-59","غير سعودي","Non Saudi","433","أنثى","Female","1439"
"40-49","40-49","سعودي"," Saudi ","13536","أنثى","Female","1439"
"20-29","20-29","سعودي"," Saudi ","27448","ذكر","Male","1439"
"40-49","40-49","سعودي"," Saudi ","12049","ذكر","Male","1439"
"10-19","10-19","سعودي"," Saudi ","7820","أنثى","Female","1440"
"40-49","40-49","غير سعودي","Non Saudi","6688","ذكر","Male","1440"
"0-9","0-9","سعودي"," Saudi ","15032","أنثى","Female","1440"
"60-69","60-69","سعودي"," Saudi ","31547","ذكر","Male","1440"
"20-29","20-29","سعودي"," Saudi ","8165","ذكر","Male","1441"
"50-59","50-59","سعودي"," Saudi ","13968","أنثى","Female","1440"
"60-69","60-69","سعودي"," Saudi ","1606","ذكر","Male","1439"
"50-59","50-59","سعودي"," Saudi ","356","أنثى","Female","1439"
"60-69","60-69","سعودي"," Saudi ","1177","أنثى","Female","1439"
"50-59","50-59","غير سعودي","Non Saudi","2822","ذكر","Male","1440"
"50-59","50-59","غير سعودي","Non Saudi","394","أنثى","Female","1439"
"50-59","50-59","غير سعودي","Non Saudi","9101","ذكر","Male","1441"
"0-9","0-9","سعودي"," Saudi ","1502","أنثى","Female","1439"
"50-59","50-59","سعودي"," Saudi ","208","ذكر","Male","1439"
"20-29","20-29","غير سعودي","Non Saudi","660","أنثى","Female","1440"
"30-39","30-39","غير سعودي","Non Saudi","3752","ذكر","Male","1441"
"30-39","30-39","سعودي"," Saudi ","50889","ذكر","Male","1439"
"40-49","40-49","غير سعودي","Non Saudi","7398","ذكر","Male","1441"
"0-9","0-9","سعودي"," Saudi ","10386","أنثى","Female","1439"
"70+","70+","سعودي"," Saudi ","4355","ذكر","Male","1439"
"60-69","60-69","غير سعودي","Non Saudi","5059","ذكر","Male","1439"
"50-59","50-59","غير سعودي","Non Saudi","2646","ذكر","Male","1440"
"40-49","40-49","سعودي"," Saudi ","1184","ذكر","Male","1441"
"30-39","30-39","سعودي"," Saudi ","1299","أنثى","Female","1441"
"40-49","40-49","غير سعودي","Non Saudi","64231","ذكر","Male","1440"
"50-59","50-59","غير سعودي","Non Saudi","30134","ذكر","Male","1439"
"0-9","0-9","غير سعودي","Non Saudi","8824","ذكر","Male","1439"
"60-69","60-69","سعودي"," Saudi ","2895","أنثى","Female","1440"
"70+","70+","سعودي"," Saudi ","1738","ذكر","Male","1440"
"30-39","30-39","سعودي"," Saudi ","1137","أنثى","Female","1441"
"30-39","30-39","غير سعودي","Non Saudi","1848","أنثى","Female","1441"
"10-19","10-19","سعودي"," Saudi ","3064","أنثى","Female","1439"
"40-49","40-49","سعودي"," Saudi ","868","ذكر","Male","1440"
"50-59","50-59","سعودي"," Saudi ","7821","ذكر","Male","1440"
"70+","70+","غير سعودي","Non Saudi","3176","أنثى","Female","1439"
"10-19","10-19","سعودي"," Saudi ","2141","ذكر","Male","1439"
"20-29","20-29","سعودي"," Saudi ","493","ذكر","Male","1440"
"60-69","60-69","سعودي"," Saudi ","783","ذكر","Male","1439"
"10-19","10-19","غير سعودي","Non Saudi","140","أنثى","Female","1441"
"20-29","20-29","سعودي"," Saudi ","44768","أنثى","Female","1439"
"20-29","20-29","سعودي"," Saudi ","896","ذكر","Male","1441"
"30-39","30-39","سعودي"," Saudi ","162970","ذكر","Male","1439"
"20-29","20-29","سعودي"," Saudi ","14906","ذكر","Male","1439"
"0-9","0-9","سعودي"," Saudi ","917","ذكر","Male","1440"
"60-69","60-69","سعودي"," Saudi ","490","أنثى","Female","1439"
"0-9","0-9","سعودي"," Saudi ","1228","ذكر","Male","1440"
"30-39","30-39","سعودي"," Saudi ","820","ذكر","Male","1441"
"60-69","60-69","سعودي"," Saudi ","291","أنثى","Female","1439"
"70+","70+","سعودي"," Saudi ","1496","ذكر","Male","1440"
"70+","70+","غير سعودي","Non Saudi","1531","أنثى","Female","1439"
"40-49","40-49","غير سعودي","Non Saudi","568","ذكر","Male","1441"
"70+","70+","سعودي"," Saudi ","625","أنثى","Female","1440"
"60-69","60-69","غير سعودي","Non Saudi","471","أنثى","Female","1441"
"30-39","30-39","سعودي"," Saudi ","5715","ذكر","Male","1440"
"0-9","0-9","غير سعودي","Non Saudi","70019","ذكر","Male","1440"
"20-29","20-29","سعودي"," Saudi ","16356","أنثى","Female","1440"
"20-29","20-29","غير سعودي","Non Saudi","64563","ذكر","Male","1440"
"10-19","10-19","غير سعودي","Non Saudi","4535","ذكر","Male","1439"
"20-29","20-29","سعودي"," Saudi ","2002","أنثى","Female","1441"
"30-39","30-39","سعودي"," Saudi ","9904","أنثى","Female","1439"
"20-29","20-29","سعودي"," Saudi ","26835","أنثى","Female","1440"
"40-49","40-49","غير سعودي","Non Saudi","2532","ذكر","Male","1439"
"40-49","40-49","سعودي"," Saudi ","2812","أنثى","Female","1441"
"30-39","30-39","سعودي"," Saudi ","7893","ذكر","Male","1439"
"20-29","20-29","سعودي"," Saudi ","2506","ذكر","Male","1439"
"40-49","40-49","غير سعودي","Non Saudi","731","أنثى","Female","1439"
"50-59","50-59","غير سعودي","Non Saudi","25","أنثى","Female","1440"
"70+","70+","غير سعودي","Non Saudi","115","أنثى","Female","1439"
"40-49","40-49","غير سعودي","Non Saudi","453352","ذكر","Male","1440"
"60-69","60-69","سعودي"," Saudi ","12346","أنثى","Female","1440"
"0-9","0-9","سعودي"," Saudi ","6951","أنثى","Female","1441"
"10-19","10-19","سعودي"," Saudi ","8433","ذكر","Male","1440"
"10-19","10-19","سعودي"," Saudi ","9556","أنثى","Female","1439"
"10-19","10-19","سعودي"," Saudi ","7512","ذكر","Male","1439"
"70+","70+","سعودي"," Saudi ","911","ذكر","Male","1439"
"10-19","10-19","سعودي"," Saudi ","2061","أنثى","Female","1439"
"60-69","60-69","سعودي"," Saudi ","1286","أنثى","Female","1439"
"20-29","20-29","غير سعودي","Non Saudi","1092","ذكر","Male","1441"
"30-39","30-39","غير سعودي","Non Saudi","3104","ذكر","Male","1439"
"30-39","30-39","سعودي"," Saudi ","606","ذكر","Male","1441"
"50-59","50-59","غير سعودي","Non Saudi","500","أنثى","Female","1441"
"70+","70+","سعودي"," Saudi ","1481","أنثى","Female","1439"
"60-69","60-69","سعودي"," Saudi ","154","أنثى","Female","1441"
"0-9","0-9","غير سعودي","Non Saudi","95","ذكر","Male","1441"
"70+","70+","سعودي"," Saudi ","268","ذكر","Male","1439"
"60-69","60-69","غير سعودي","Non Saudi","9476","ذكر","Male","1440"
"20-29","20-29","غير سعودي","Non Saudi","18383","ذكر","Male","1440"
"20-29","20-29","سعودي"," Saudi ","122550","أنثى","Female","1440"
"50-59","50-59","سعودي"," Saudi ","2346","ذكر","Male","1439"
"40-49","40-49","غير سعودي","Non Saudi","9391","أنثى","Female","1439"
"60-69","60-69","سعودي"," Saudi ","1807","ذكر","Male","1440"
"10-19","10-19","غير سعودي","Non Saudi","1392","أنثى","Female","1439"
"30-39","30-39","غير سعودي","Non Saudi","7981","ذكر","Male","1439"
"10-19","10-19","سعودي"," Saudi ","1126","أنثى","Female","1439"
"60-69","60-69","سعودي"," Saudi ","1341","ذكر","Male","1439"
"60-69","60-69","غير سعودي","Non Saudi","615","أنثى","Female","1440"
"0-9","0-9","سعودي"," Saudi ","1246","أنثى","Female","1439"
"40-49","40-49","سعودي"," Saudi ","134","ذكر","Male","1441"
"40-49","40-49","غير سعودي","Non Saudi","140604","ذكر","Male","1440"
"30-39","30-39","غير سعودي","Non Saudi","42210","أنثى","Female","1439"
"40-49","40-49","غير سعودي","Non Saudi","11182","ذكر","Male","1441"
"50-59","50-59","سعودي"," Saudi ","6351","أنثى","Female","1439"
"50-59","50-59","سعودي"," Saudi ","3985","أنثى","Female","1441"
"0-9","0-9","غير سعودي","Non Saudi","1055","ذكر","Male","1439"
"40-49","40-49","سعودي"," Saudi ","10242","ذكر","Male","1440"
"20-29","20-29","سعودي"," Saudi ","18124","ذكر","Male","1439"
"40-49","40-49","سعودي"," Saudi ","5662","ذكر","Male","1439"
"20-29","20-29","سعودي"," Saudi ","635","أنثى","Female","1440"
"10-19","10-19","سعودي"," Saudi ","5130","أنثى","Female","1440"
"10-19","10-19","غير سعودي","Non Saudi","1996","ذكر","Male","1440"
"0-9","0-9","سعودي"," Saudi ","727","أنثى","Female","1440"
"70+","70+","سعودي"," Saudi ","645","أنثى","Female","1440"
"40-49","40-49","غير سعودي","Non Saudi","201","أنثى","Female","1440"
"60-69","60-69","سعودي"," Saudi ","2030","ذكر","Male","1439"
"10-19","10-19","غير سعودي","Non Saudi","1047","أنثى","Female","1439"
"0-9","0-9","سعودي"," Saudi ","4177","أنثى","Female","1440"
"0-9","0-9","سعودي"," Saudi ","5587","أنثى","Female","1439"
"30-39","30-39","غير سعودي","Non Saudi","4497","ذكر","Male","1439"
"20-29","20-29","غير سعودي","Non Saudi","8363","أنثى","Female","1439"
"0-9","0-9","غير سعودي","Non Saudi","38812","أنثى","Female","1439"
"10-19","10-19","غير سعودي","Non Saudi","291","أنثى","Female","1441"
"10-19","10-19","سعودي"," Saudi ","2090","ذكر","Male","1440"
"40-49","40-49","سعودي"," Saudi ","5924","ذكر","Male","1439"
"0-9","0-9","سعودي"," Saudi ","7104","ذكر","Male","1439"
"10-19","10-19","غير سعودي","Non Saudi","7734","ذكر","Male","1441"
"20-29","20-29","سعودي"," Saudi ","9358","ذكر","Male","1440"
"20-29","20-29","سعودي"," Saudi ","1289","أنثى","Female","1439"
"40-49","40-49","سعودي"," Saudi ","3323","أنثى","Female","1441"
"10-19","10-19","غير سعودي","Non Saudi","3027","ذكر","Male","1439"
"70+","70+","غير سعودي","Non Saudi","771","ذكر","Male","1440"
"20-29","20-29","سعودي"," Saudi ","2530","ذكر","Male","1441"
"60-69","60-69","غير سعودي","Non Saudi","1936","ذكر","Male","1440"
"40-49","40-49","سعودي"," Saudi ","220","أنثى","Female","1441"
"70+","70+","سعودي"," Saudi ","158","أنثى","Female","1439"
"0-9","0-9","غير سعودي","Non Saudi","99","أنثى","Female","1439"
"10-19","10-19","غير سعودي","Non Saudi","5392","ذكر","Male","1439"
"40-49","40-49","غير سعودي","Non Saudi","5296","أنثى","Female","1440"
"50-59","50-59","غير سعودي","Non Saudi","180600","ذكر","Male","1439"
"30-39","30-39","غير سعودي","Non Saudi","2745","أنثى","Female","1439"
"30-39","30-39","سعودي"," Saudi ","11688","ذكر","Male","1439"
"0-9","0-9","غير سعودي","Non Saudi","90","أنثى","Female","1440"
"20-29","20-29","غير سعودي","Non Saudi","24453","ذكر","Male","1439"
"60-69","60-69","سعودي"," Saudi ","4372","ذكر","Male","1440"
"70+","70+","سعودي"," Saudi ","407","ذكر","Male","1441"
"50-59","50-59","غير سعودي","Non Saudi","2014","أنثى","Female","1439"
"20-29","20-29","سعودي"," Saudi ","2003","ذكر","Male","1440"
"40-49","40-49","سعودي"," Saudi ","410","ذكر","Male","1441"
"60-69","60-69","غير سعودي","Non Saudi","655","أنثى","Female","1440"
"60-69","60-69","غير سعودي","Non Saudi","430","ذكر","Male","1439"
"60-69","60-69","سعودي"," Saudi ","1644","ذكر","Male","1440"
"50-59","50-59","غير سعودي","Non Saudi","484","أنثى","Female","1440"
"20-29","20-29","غير سعودي","Non Saudi","93","أنثى","Female","1440"
"10-19","10-19","غير سعودي","Non Saudi","264","ذكر","Male","1441"
"40-49","40-49","سعودي"," Saudi ","455","أنثى","Female","1441"
"20-29","20-29","غير سعودي","Non Saudi","25091","ذكر","Male","1439"
"0-9","0-9","غير سعودي","Non Saudi","9178","ذكر","Male","1441"
"50-59","50-59","سعودي"," Saudi ","10071","ذكر","Male","1439"
"30-39","30-39","سعودي"," Saudi ","20209","ذكر","Male","1439"
"20-29","20-29","غير سعودي","Non Saudi","8682","أنثى","Female","1439"
"40-49","40-49","غير سعودي","Non Saudi","461","ذكر","Male","1440"
"60-69","60-69","غير سعودي","Non Saudi","5728","ذكر","Male","1440"
"20-29","20-29","سعودي"," Saudi ","69","ذكر","Male","1441"
"70+","70+","سعودي"," Saudi ","892","ذكر","Male","1441"
"0-9","0-9","غير سعودي","Non Saudi","461","ذكر","Male","1440"
"40-49","40-49","غير سعودي","Non Saudi","1564","ذكر","Male","1441"
"30-39","30-39","غير سعودي","Non Saudi","3150","ذكر","Male","1440"
"30-39","30-39","غير سعودي","Non Saudi","181","أنثى","Female","1441"
"50-59","50-59","غير سعودي","Non Saudi","2616","أنثى","Female","1439"
"50-59","50-59","سعودي"," Saudi ","50359","أنثى","Female","1440"
"30-39","30-39","سعودي"," Saudi ","3637","أنثى","Female","1441"
"60-69","60-69","غير سعودي","Non Saudi","1171","ذكر","Male","1439"
"20-29","20-29","سعودي"," Saudi ","2427","أنثى","Female","1441"
"30-39","30-39","سعودي"," Saudi ","5099","ذكر","Male","1440"
"30-39","30-39","غير سعودي","Non Saudi","3471","أنثى","Female","1440"
"30-39","30-39","غير سعودي","Non Saudi","6401","ذكر","Male","1439"
"30-39","30-39","غير سعودي","Non Saudi","5097","ذكر","Male","1440"
"50-59","50-59","سعودي"," Saudi ","275","أنثى","Female","1441"
"70+","70+","غير سعودي","Non Saudi","166","ذكر","Male","1439"
"60-69","60-69","سعودي"," Saudi ","582","أنثى","Female","1441"
"40-49","40-49","غير سعودي","Non Saudi","15029","ذكر","Male","1440"
"30-39","30-39","غير سعودي","Non Saudi","25991","أنثى","Female","1440"
"40-49","40-49","غير سعودي","Non Saudi","745","ذكر","Male","1440"
"30-39","30-39","غير سعودي","Non Saudi","974","أنثى","Female","1439"
"10-19","10-19","سعودي"," Saudi ","5189","أنثى","Female","1441"
"40-49","40-49","سعودي"," Saudi ","167","ذكر","Male","1441"
"70+","70+","سعودي"," Saudi ","4284","أنثى","Female","1440"
"70+","70+","سعودي"," Saudi ","2619","أنثى","Female","1439"
"30-39","30-39","سعودي"," Saudi ","1205","أنثى","Female","1440"
"30-39","30-39","غير سعودي","Non Saudi","266","أنثى","Female","1441"
"20-29","20-29","غير سعودي","Non Saudi","62","ذكر","Male","1441"
"40-49","40-49","غير سعودي","Non Saudi","492","أنثى","Female","1441"
"20-29","20-29","غير سعودي","Non Saudi","2682","ذكر","Male","1440"
"20-29","20-29","سعودي"," Saudi ","4459","أنثى","Female","1441"
"50-59","50-59","غير سعودي","Non Saudi","25752","أنثى","Female","1439"
"50-59","50-59","غير سعودي","Non Saudi","16713","ذكر","Male","1439"
"40-49","40-49","سعودي"," Saudi ","129062","ذكر","Male","1439"
"30-39","30-39","سعودي"," Saudi ","10882","ذكر","Male","1440"
"0-9","0-9","غير سعودي","Non Saudi","15276","ذكر","Male","1440"
"50-59","50-59","غير سعودي","Non Saudi","5415","أنثى","Female","1439"
"70+","70+","سعودي"," Saudi ","104","أنثى","Female","1439"
"50-59","50-59","سعودي"," Saudi ","1868","ذكر","Male","1439"
"50-59","50-59","سعودي"," Saudi ","4158","ذكر","Male","1441"